Country,Region_x,Population (millions),HDI,GDP per Capita,Cropland Footprint,Grazing Footprint,Forest Footprint,Carbon Footprint,Fish Footprint,Total Ecological Footprint,Cropland,Grazing Land,Forest Land,Fishing Water,Urban Land,Total Biocapacity,Biocapacity Deficit or Reserve,Earths Required,Countries Required,Data Quality,Region_y,Happiness Rank,Happiness Score,Lower Confidence Interval,Upper Confidence Interval,Economy (GDP per Capita),Family,Health (Life Expectancy),Freedom,Trust (Government Corruption),Generosity,Dystopia Residual
Afghanistan,Middle East/Central Asia,29.82,0.46,$614.66,0.3,0.2,0.08,0.18,0.0,0.79,0.24,0.2,0.02,0.0,0.04,0.5,-0.3,0.46,1.6,6,Southern Asia,154,3.36,3.2880000000000003,3.432,0.38227,0.11037000000000001,0.17344,0.1643,0.07112,0.31268,2.14558
Albania,Northern/Eastern Europe,3.16,0.73,"$4,534.37",0.78,0.22,0.25,0.87,0.02,2.21,0.55,0.21,0.29,0.07,0.06,1.18,-1.03,1.27,1.87,6,Central and Eastern Europe,109,4.655,4.546,4.763999999999999,0.9553,0.50163,0.73007,0.31866,0.05301,0.1684,1.9281599999999999
Algeria,Africa,38.48,0.73,"$5,430.57",0.6,0.16,0.17,1.14,0.01,2.12,0.24,0.27,0.03,0.01,0.03,0.59,-1.53,1.22,3.61,5,Middle East and Northern Africa,38,6.355,6.227,6.483,1.05266,0.83309,0.6180399999999999,0.21006,0.16157,0.07044,3.40904
Angola,Africa,20.82,0.52,"$4,665.91",0.33,0.15,0.12,0.2,0.09,0.93,0.2,1.42,0.64,0.26,0.04,2.55,1.61,0.54,0.37,6,Sub-Saharan Africa,141,3.866,3.753,3.9789999999999996,0.84731,0.66366,0.04991,0.00589,0.08434,0.12070999999999998,2.09459
Argentina,Latin America,41.09,0.83,"$13,540.00",0.78,0.79,0.29,1.08,0.1,3.14,2.64,1.86,0.66,1.67,0.1,6.92,3.78,1.82,0.45,6,Latin America and Caribbean,26,6.65,6.56,6.74,1.15137,1.0661200000000002,0.69711,0.42283999999999994,0.07296,0.10989000000000002,3.12985
Armenia,Middle East/Central Asia,2.97,0.73,"$3,426.39",0.74,0.18,0.34,0.89,0.01,2.23,0.44,0.26,0.1,0.02,0.07,0.89,-1.35,1.29,2.52,3B,Central and Eastern Europe,121,4.36,4.266,4.454,0.8608600000000001,0.6247699999999999,0.64083,0.14037,0.036160000000000005,0.07793,1.9786400000000002
Australia,Asia-Pacific,23.05,0.93,"$66,604.20",2.68,0.63,0.89,4.85,0.11,9.31,5.42,5.81,2.01,3.19,0.14,16.57,7.26,5.37,0.56,5,Australia and New Zealand,9,7.313,7.2410000000000005,7.385,1.4444299999999999,1.10476,0.8512,0.5683699999999999,0.32331,0.47407,2.5465
Austria,European Union,8.46,0.88,"$51,274.10",0.82,0.27,0.63,4.14,0.06,6.06,0.71,0.16,2.04,0.0,0.15,3.07,-3.0,3.5,1.98,5,Western Europe,12,7.119,7.045,7.193,1.45038,1.0838299999999998,0.80565,0.54355,0.21348000000000003,0.32865,2.6934299999999998
Azerbaijan,Middle East/Central Asia,9.31,0.75,"$7,106.04",0.66,0.22,0.11,1.25,0.01,2.31,0.46,0.2,0.11,0.02,0.06,0.85,-1.46,1.33,2.72,6,Central and Eastern Europe,81,5.291,5.226,5.356,1.12373,0.76042,0.54504,0.35327,0.17914000000000002,0.0564,2.2735
Bahrain,Middle East/Central Asia,1.32,0.82,"$24,299.00",0.52,0.45,0.16,6.19,0.07,7.49,0.01,0.0,0.0,0.46,0.1,0.58,-6.91,4.33,12.96,3L,Middle East and Northern Africa,42,6.218,6.127999999999999,6.308,1.44024,0.9439700000000001,0.65696,0.47375,0.25772,0.17147,2.27405
Bangladesh,Asia-Pacific,154.7,0.56,$857.50,0.29,0.0,0.08,0.26,0.02,0.72,0.25,0.0,0.0,0.05,0.07,0.38,-0.35,0.42,1.92,6,Southern Asia,110,4.643,4.56,4.726,0.54177,0.24749000000000002,0.52989,0.39778,0.12583,0.19132000000000002,2.6090400000000002
Belarus,Northern/Eastern Europe,9.4,0.8,"$6,300.45",1.32,0.12,0.91,2.57,0.08,5.09,1.52,0.3,1.71,0.02,0.09,3.64,-1.45,2.94,1.4,6,Central and Eastern Europe,61,5.8020000000000005,5.723,5.881,1.1306200000000002,1.04993,0.6310399999999999,0.29091,0.17457,0.13942000000000002,2.3858200000000003
Belgium,European Union,11.06,0.89,"$48,053.30",1.15,0.48,0.99,4.43,0.12,7.44,0.56,0.03,0.28,0.04,0.27,1.19,-6.25,4.3,6.27,6,Western Europe,18,6.928999999999999,6.861000000000001,6.997000000000001,1.42539,1.05249,0.8195899999999999,0.51354,0.26248,0.2424,2.61355
Benin,Africa,10.05,0.48,$746.83,0.49,0.04,0.26,0.51,0.08,1.41,0.44,0.04,0.34,0.02,0.04,0.88,-0.53,0.81,1.61,6,Sub-Saharan Africa,153,3.484,3.404,3.5639999999999996,0.39499,0.10419,0.21028000000000002,0.39747,0.06681000000000001,0.2018,2.10812
Bhutan,Asia-Pacific,0.74,0.59,"$2,395.00",0.5,0.42,3.03,0.63,0.02,4.84,0.28,0.34,4.38,0.01,0.25,5.27,0.43,2.8,0.92,3B,Southern Asia,84,5.196000000000001,5.138,5.254,0.8527,0.9083600000000001,0.49759,0.46074,0.1616,0.48546000000000006,1.82916
Bolivia,Latin America,10.5,0.65,"$2,253.09",0.37,1.69,0.17,0.67,0.01,2.96,0.59,2.18,13.86,0.05,0.06,16.73,13.77,1.71,0.18,5,Latin America and Caribbean,59,5.822,5.74,5.904,0.79422,0.8377899999999999,0.4697,0.50961,0.07746,0.21698,2.91635
Bosnia and Herzegovina,Northern/Eastern Europe,3.83,0.73,"$4,708.85",0.63,0.27,0.44,1.74,0.02,3.12,0.3,0.19,1.13,0.0,0.02,1.63,-1.49,1.8,1.91,5,Central and Eastern Europe,87,5.162999999999999,5.063,5.263,0.9338299999999999,0.64367,0.7076600000000001,0.09511,0.0,0.29889,2.48406
Botswana,Africa,2.0,0.69,"$7,743.50",0.3,0.89,0.24,2.36,0.01,3.83,0.06,2.49,0.63,0.27,0.02,3.47,-0.35,2.21,1.1,3B,Sub-Saharan Africa,137,3.9739999999999998,3.875,4.073,1.09426,0.89186,0.34752,0.44088999999999995,0.10769000000000001,0.12425,0.96741
Brazil,Latin America,198.66,0.75,"$13,237.60",0.62,0.85,0.6,0.91,0.04,3.11,1.0,1.0,6.82,0.17,0.09,9.08,5.97,1.8,0.34,5,Latin America and Caribbean,17,6.952000000000001,6.875,7.029,1.08754,1.03938,0.61415,0.40425,0.14165999999999998,0.15775999999999998,3.5073300000000005
Bulgaria,European Union,7.28,0.78,"$7,615.28",0.6,0.13,0.35,2.08,0.03,3.32,1.33,0.08,1.2,0.12,0.13,2.86,-0.46,1.92,1.16,5,Central and Eastern Europe,129,4.217,4.104,4.33,1.11306,0.92542,0.67806,0.21219000000000002,0.00615,0.12793,1.15377
Burkina Faso,Africa,16.46,0.39,$671.07,0.47,0.17,0.36,0.12,0.03,1.21,0.5,0.17,0.25,0.0,0.05,0.98,-0.22,0.7,1.23,5,Sub-Saharan Africa,145,3.739,3.647,3.8310000000000004,0.31995,0.63054,0.21297,0.3337,0.12533,0.24353000000000002,1.8731900000000001
Burundi,Africa,9.85,0.39,$276.69,0.21,0.07,0.45,0.04,0.0,0.8,0.2,0.07,0.01,0.01,0.03,0.32,-0.48,0.46,2.48,4,Sub-Saharan Africa,157,2.905,2.7319999999999998,3.0780000000000003,0.06831,0.23442,0.15747,0.0432,0.09419,0.2029,2.1040400000000004
Cameroon,Africa,21.7,0.5,"$1,271.21",0.54,0.1,0.21,0.19,0.08,1.17,0.55,0.1,0.92,0.08,0.05,1.69,0.52,0.68,0.69,6,Sub-Saharan Africa,114,4.513,4.417,4.609,0.5249699999999999,0.62542,0.12697999999999998,0.42736,0.06126,0.2268,2.5198
Canada,North America,34.84,0.91,"$52,145.40",1.46,0.33,1.2,5.0,0.12,8.17,3.11,0.29,9.12,3.41,0.07,16.01,7.83,4.72,0.51,5,North America,6,7.404,7.335,7.473,1.44015,1.0961,0.8276,0.5737,0.31329,0.44833999999999996,2.70485
Chad,Africa,12.45,0.39,"$1,161.22",0.36,0.75,0.27,0.01,0.01,1.46,0.35,1.15,0.41,0.07,0.05,2.03,0.57,0.84,0.72,6,Sub-Saharan Africa,144,3.763,3.6719999999999997,3.8539999999999996,0.42213999999999996,0.63178,0.038239999999999996,0.12807000000000002,0.04952,0.18667,2.3063700000000003
Chile,Latin America,17.46,0.83,"$14,525.80",0.61,0.33,0.99,2.04,0.25,4.36,0.47,0.45,2.19,0.38,0.15,3.63,-0.73,2.52,1.2,6,Latin America and Caribbean,24,6.705,6.615,6.795,1.2167,0.9058700000000001,0.8188300000000001,0.37789,0.11450999999999999,0.31595,2.95505
China,Asia-Pacific,1408.04,0.72,"$5,560.94",0.55,0.13,0.19,2.32,0.08,3.38,0.46,0.1,0.22,0.04,0.12,0.94,-2.44,1.95,3.59,6,Eastern Asia,83,5.245,5.199,5.291,1.0278,0.79381,0.73561,0.44011999999999996,0.02745,0.049589999999999995,2.17087
Colombia,Latin America,47.7,0.72,"$7,305.22",0.35,0.58,0.16,0.67,0.03,1.87,0.22,1.13,2.09,0.07,0.09,3.6,1.72,1.08,0.52,6,Latin America and Caribbean,31,6.481,6.3839999999999995,6.577999999999999,1.0303200000000001,1.02169,0.59659,0.44735,0.053989999999999996,0.15625999999999998,3.1747099999999997
Comoros,Africa,0.72,0.5,$860.24,0.33,0.03,0.18,0.25,0.25,1.03,0.23,0.01,0.02,0.07,0.0,0.32,-0.7,0.59,3.17,3B,Sub-Saharan Africa,138,3.9560000000000004,3.86,4.052,0.27509,0.60323,0.29980999999999997,0.15412,0.18437,0.1827,2.25632
Costa Rica,Latin America,4.8,0.76,"$8,979.96",0.4,0.21,0.68,1.37,0.08,2.84,0.38,0.3,0.63,0.12,0.1,1.53,-1.31,1.64,1.86,5,Latin America and Caribbean,14,7.087000000000001,6.999,7.175,1.06879,1.02152,0.76146,0.55225,0.10547000000000001,0.22553,3.3516800000000004
Croatia,Northern/Eastern Europe,4.31,0.82,"$14,522.80",0.74,0.13,0.72,2.21,0.06,3.92,0.68,0.19,1.55,0.33,0.06,2.8,-1.12,2.27,1.4,6,Central and Eastern Europe,74,5.4879999999999995,5.402,5.574,1.18649,0.6080899999999999,0.70524,0.23906999999999998,0.04002,0.18434,2.52462
Cyprus,European Union,1.13,0.85,"$31,454.70",0.77,0.08,0.23,2.94,0.14,4.21,0.18,0.0,0.06,0.06,0.05,0.34,-3.87,2.43,12.35,5,Western Europe,69,5.546,5.442,5.65,1.31857,0.70697,0.8488,0.29507,0.05227999999999999,0.27906,2.04497
Czech Republic,European Union,10.66,0.87,"$21,676.30",0.62,0.24,0.74,3.42,0.03,5.19,0.94,0.07,1.31,0.0,0.13,2.46,-2.73,3.0,2.11,5,Central and Eastern Europe,27,6.596,6.515,6.6770000000000005,1.30915,1.00793,0.76376,0.41418,0.03986,0.09929,2.96211
Denmark,European Union,5.6,0.92,"$61,413.60",1.18,0.47,0.77,2.6,0.24,5.51,2.38,0.01,0.34,1.8,0.25,4.78,-0.73,3.18,1.15,5,Western Europe,1,7.526,7.46,7.5920000000000005,1.4417799999999998,1.16374,0.79504,0.5794100000000001,0.44453000000000004,0.36171,2.73939
Dominican Republic,Latin America,10.28,0.71,"$6,085.89",0.35,0.12,0.12,0.86,0.04,1.53,0.22,0.11,0.16,0.02,0.05,0.56,-0.97,0.88,2.74,6,Latin America and Caribbean,89,5.155,5.037,5.273,1.02787,0.9949600000000001,0.5766899999999999,0.52259,0.12372000000000001,0.21286,1.6962599999999999
Ecuador,Latin America,15.49,0.73,"$5,192.88",0.3,0.3,0.24,1.08,0.18,2.17,0.32,0.3,1.41,0.11,0.06,2.2,0.03,1.25,0.99,5,Latin America and Caribbean,51,5.976,5.88,6.072,0.97306,0.85974,0.68613,0.4027,0.18037,0.10074,2.77366
Egypt,Africa,80.72,0.69,"$2,930.33",0.68,0.08,0.17,1.02,0.04,2.15,0.38,0.0,0.0,0.02,0.15,0.56,-1.59,1.24,3.86,5,Middle East and Northern Africa,120,4.362,4.2589999999999995,4.465,0.95395,0.49813,0.5211600000000001,0.18847,0.10393,0.12705999999999998,1.96895
El Salvador,Latin America,6.3,0.66,"$3,696.33",0.44,0.21,0.4,0.84,0.14,2.07,0.27,0.15,0.04,0.11,0.05,0.61,-1.46,1.2,3.37,5,Latin America and Caribbean,46,6.068,5.9670000000000005,6.169,0.8737,0.80975,0.596,0.37269,0.10613,0.08877,3.22134
Ethiopia,Africa,91.73,0.43,$379.38,0.31,0.12,0.46,0.07,0.0,1.02,0.31,0.12,0.05,0.04,0.06,0.58,-0.44,0.59,1.75,6,Sub-Saharan Africa,115,4.508,4.425,4.591,0.29283000000000003,0.37932,0.34578000000000003,0.36703,0.1717,0.29522,2.65614
France,European Union,63.98,0.89,"$45,430.30",1.23,0.27,0.53,2.71,0.19,5.14,1.67,0.16,0.96,0.11,0.21,3.11,-2.04,2.97,1.66,6,Western Europe,32,6.478,6.397,6.559,1.39488,1.00508,0.83795,0.46562,0.17808,0.1216,2.4744
Gabon,Africa,1.63,0.67,"$11,989.00",0.53,0.13,0.79,0.43,0.11,2.02,0.25,3.6,19.5,2.93,0.03,26.31,24.29,1.16,0.08,3L,Sub-Saharan Africa,134,4.121,4.03,4.212,1.15851,0.72368,0.3494,0.28098,0.09314,0.062439999999999996,1.4533200000000002
Georgia,Middle East/Central Asia,4.36,0.75,"$3,710.70",0.39,0.2,0.1,0.83,0.02,1.58,0.12,0.36,0.61,0.05,0.04,1.17,-0.41,0.91,1.35,3B,Central and Eastern Europe,126,4.252,4.164,4.34,0.8379200000000001,0.19249000000000002,0.64035,0.32461,0.3188,0.06786,1.87031
Germany,European Union,82.8,0.91,"$46,822.40",1.1,0.14,0.48,3.28,0.05,5.3,1.23,0.06,0.68,0.07,0.24,2.27,-3.02,3.06,2.33,5,Western Europe,16,6.994,6.93,7.058,1.44787,1.09774,0.81487,0.53466,0.28551,0.30451999999999996,2.5093099999999997
Ghana,Africa,25.37,0.57,"$1,627.90",0.56,0.07,0.65,0.43,0.19,1.97,0.67,0.26,0.29,0.06,0.07,1.35,-0.62,1.14,1.46,6,Sub-Saharan Africa,124,4.276,4.185,4.367,0.63107,0.49353,0.29681,0.40973000000000004,0.0326,0.21203000000000002,2.2002
Greece,European Union,11.12,0.86,"$25,987.40",1.07,0.35,0.24,2.58,0.08,4.38,1.01,0.14,0.23,0.17,0.06,1.61,-2.77,2.53,2.73,5,Western Europe,99,5.033,4.935,5.131,1.24886,0.75473,0.80029,0.05822000000000001,0.04127,0.0,2.12944
Guatemala,Latin America,15.08,0.62,"$3,233.80",0.37,0.16,0.58,0.7,0.01,1.89,0.38,0.15,0.34,0.05,0.07,0.99,-0.9,1.09,1.91,5,Latin America and Caribbean,39,6.324,6.212999999999999,6.435,0.83454,0.8711899999999999,0.5403899999999999,0.50379,0.08701,0.28808,3.19863
Guinea,Africa,11.45,0.41,$459.09,0.39,0.32,0.45,0.16,0.05,1.41,0.35,0.75,0.64,0.3,0.04,2.09,0.68,0.81,0.67,5,Sub-Saharan Africa,151,3.6069999999999998,3.533,3.681,0.22415,0.3109,0.18829,0.30953,0.1192,0.29914,2.15604
Haiti,Latin America,10.17,0.48,$749.13,0.27,0.04,0.1,0.15,0.01,0.61,0.18,0.03,0.01,0.01,0.03,0.27,-0.34,0.35,2.28,6,Latin America and Caribbean,136,4.0280000000000005,3.8930000000000002,4.163,0.34097,0.29561,0.27494,0.12072000000000001,0.14476,0.47958,2.3711599999999997
Honduras,Latin America,7.94,0.61,"$2,269.51",0.28,0.25,0.5,0.6,0.0,1.68,0.33,0.26,0.89,0.23,0.06,1.77,0.09,0.97,0.95,3B,Latin America and Caribbean,104,4.871,4.75,4.992,0.69429,0.7559600000000001,0.5838300000000001,0.26755,0.06906,0.2044,2.2955099999999997
Hungary,European Union,9.98,0.82,"$13,964.20",0.42,0.08,0.36,1.9,0.02,2.92,1.28,0.06,0.69,0.0,0.13,2.17,-0.75,1.69,1.34,5,Central and Eastern Europe,91,5.145,5.056,5.234,1.24142,0.9316399999999999,0.67608,0.1977,0.044719999999999996,0.099,1.9547299999999999
India,Asia-Pacific,1236.69,0.6,"$1,513.85",0.34,0.01,0.14,0.61,0.02,1.16,0.35,0.0,0.02,0.03,0.05,0.45,-0.71,0.67,2.55,6,Southern Asia,118,4.404,4.351,4.457,0.74036,0.29247,0.45091000000000003,0.40285,0.08722,0.25028,2.18032
Indonesia,Asia-Pacific,246.86,0.68,"$3,688.53",0.44,0.03,0.2,0.64,0.21,1.58,0.46,0.06,0.3,0.38,0.06,1.26,-0.32,0.91,1.25,6,Southeastern Asia,79,5.314,5.237,5.391,0.95104,0.87625,0.49373999999999996,0.39237,0.00322,0.56521,2.03171
Iraq,Middle East/Central Asia,32.78,0.65,"$5,848.54",0.43,0.03,0.01,1.36,0.01,1.88,0.18,0.02,0.05,0.0,0.04,0.29,-1.59,1.09,6.58,3B,Middle East and Northern Africa,112,4.575,4.446000000000001,4.704,1.07474,0.59205,0.51076,0.24856,0.13635999999999998,0.19589,1.81657
Ireland,European Union,4.58,0.91,"$52,853.60",1.08,0.49,0.46,3.22,0.18,5.57,0.84,0.76,0.5,1.49,0.13,3.73,-1.83,3.21,1.49,5,Western Europe,19,6.907,6.836,6.978,1.4834100000000001,1.16157,0.81455,0.54008,0.29754,0.44963000000000003,2.15988
Israel,Middle East/Central Asia,7.64,0.89,"$33,718.90",0.89,0.22,0.36,4.59,0.07,6.22,0.22,0.01,0.03,0.02,0.08,0.35,-5.87,3.59,17.59,6,Middle East and Northern Africa,11,7.267,7.199,7.335,1.33766,0.9953700000000001,0.8491700000000001,0.36432,0.08728,0.32288,3.31029
Italy,European Union,60.92,0.87,"$38,412.00",0.91,0.32,0.42,2.77,0.12,4.61,0.58,0.04,0.33,0.06,0.06,1.08,-3.53,2.66,4.28,6,Western Europe,50,5.977,5.898,6.056,1.35495,1.04167,0.8510200000000001,0.18827,0.02556,0.16684000000000002,2.34918
Jamaica,Latin America,2.77,0.72,"$5,226.30",0.41,0.09,0.18,1.09,0.07,1.89,0.16,0.0,0.1,0.11,0.05,0.43,-1.46,1.09,4.39,3B,Latin America and Caribbean,73,5.51,5.315,5.705,0.89333,0.96372,0.5946899999999999,0.43596999999999997,0.04294,0.22245,2.35682
Japan,Asia-Pacific,127.25,0.89,"$46,201.60",0.53,0.1,0.27,3.69,0.33,5.02,0.16,0.0,0.35,0.1,0.1,0.72,-4.3,2.9,7.01,6,Eastern Asia,53,5.921,5.85,5.992000000000001,1.3800700000000001,1.06054,0.91491,0.46761,0.18985,0.10224,1.8058400000000001
Jordan,Middle East/Central Asia,7.01,0.75,"$4,615.17",0.54,0.18,0.17,1.09,0.03,2.1,0.09,0.02,0.03,0.0,0.07,0.21,-1.89,1.21,9.91,5,Middle East and Northern Africa,80,5.303,5.187,5.419,0.9967299999999999,0.86216,0.60712,0.36023,0.13297,0.14262,2.20142
Kazakhstan,Middle East/Central Asia,16.27,0.78,"$11,278.00",0.58,0.19,0.12,4.59,0.03,5.55,1.14,1.93,0.24,0.06,0.03,3.41,-2.14,3.2,1.63,3L,Central and Eastern Europe,54,5.919,5.837000000000001,6.001,1.22943,0.95544,0.57386,0.4052,0.11132,0.15011,2.49325
Kenya,Africa,43.18,0.54,"$1,062.11",0.25,0.23,0.27,0.2,0.05,1.03,0.2,0.24,0.02,0.02,0.04,0.51,-0.52,0.6,2.02,5,Sub-Saharan Africa,122,4.356,4.2589999999999995,4.453,0.52267,0.7624,0.30146999999999996,0.40576,0.06686,0.41328000000000004,1.88326
Kuwait,Middle East/Central Asia,3.25,0.82,"$41,830.50",0.55,0.24,0.21,6.89,0.09,8.13,0.02,0.01,0.0,0.37,0.15,0.55,-7.58,4.7,14.68,3L,Middle East and Northern Africa,41,6.239,6.154,6.324,1.61714,0.8775799999999999,0.63569,0.43166000000000004,0.23669,0.15965,2.28085
Kyrgyzstan,Middle East/Central Asia,5.47,0.65,"$1,116.37",0.59,0.18,0.09,0.95,0.01,1.91,0.47,0.63,0.06,0.05,0.08,1.3,-0.61,1.1,1.47,3B,Central and Eastern Europe,85,5.185,5.103,5.267,0.5604399999999999,0.95434,0.5544899999999999,0.40212,0.047619999999999996,0.38432,2.28136
Latvia,European Union,2.06,0.81,"$13,732.00",2.28,0.09,2.02,1.66,0.11,6.29,3.1,0.31,4.08,1.93,0.13,9.55,3.26,3.63,0.66,5,Central and Eastern Europe,68,5.56,5.486000000000001,5.6339999999999995,1.2178799999999999,0.95025,0.63952,0.27996,0.0889,0.17445,2.20859
Lebanon,Middle East/Central Asia,4.65,0.76,"$9,143.86",0.67,0.3,0.25,2.52,0.05,3.84,0.16,0.04,0.06,0.01,0.06,0.33,-3.51,2.22,11.7,6,Middle East and Northern Africa,93,5.129,5.031000000000001,5.227,1.12268,0.64184,0.76171,0.26228,0.030610000000000002,0.23693000000000003,2.0733900000000003
Liberia,Africa,4.19,0.42,$397.38,0.23,0.03,0.75,0.14,0.03,1.21,0.15,0.61,1.45,0.32,0.03,2.57,1.35,0.7,0.47,3B,Sub-Saharan Africa,150,3.622,3.463,3.781,0.10705999999999999,0.50353,0.23165,0.25748000000000004,0.04852,0.24063,2.23284
Lithuania,European Union,3.03,0.83,"$14,373.70",1.89,0.21,1.28,2.15,0.16,5.83,3.03,0.11,2.09,0.3,0.15,5.67,-0.17,3.37,1.03,5,Central and Eastern Europe,60,5.813,5.734,5.892,1.2692,1.0641100000000001,0.64674,0.18929,0.0182,0.02025,2.60525
Luxembourg,European Union,0.52,0.89,"$114,665.00",1.1,0.76,1.03,12.65,0.13,15.82,0.57,0.08,0.89,0.0,0.14,1.68,-14.14,9.14,9.44,5,Western Europe,20,6.871,6.803999999999999,6.938,1.6975200000000001,1.03999,0.8454200000000001,0.5487,0.35329,0.27571,2.11055
Madagascar,Africa,22.29,0.51,$456.33,0.27,0.34,0.24,0.07,0.02,0.99,0.26,1.3,0.8,0.21,0.06,2.63,1.64,0.57,0.38,6,Sub-Saharan Africa,148,3.695,3.6210000000000004,3.7689999999999997,0.27954,0.46115,0.37109000000000003,0.13684000000000002,0.07506,0.2204,2.15075
Malawi,Africa,15.91,0.43,$493.84,0.43,0.05,0.2,0.07,0.01,0.81,0.45,0.07,0.02,0.06,0.05,0.66,-0.15,0.47,1.22,5,Sub-Saharan Africa,132,4.156000000000001,4.041,4.271,0.08709,0.147,0.29364,0.4143,0.07564,0.30968,2.82859
Malaysia,Asia-Pacific,29.24,0.77,"$10,252.60",0.67,0.12,0.38,2.1,0.36,3.71,0.75,0.01,0.73,0.84,0.07,2.41,-1.3,2.14,1.54,3B,Southeastern Asia,47,6.005,5.921,6.0889999999999995,1.25142,0.88025,0.62366,0.39031,0.09081,0.41473999999999994,2.35384
Mali,Africa,14.85,0.41,$741.22,0.52,0.66,0.17,0.1,0.03,1.53,0.51,0.71,0.25,0.05,0.06,1.58,0.05,0.88,0.97,6,Sub-Saharan Africa,135,4.073,3.988,4.158,0.31292,0.8633299999999999,0.16347,0.27544,0.13647,0.21064000000000002,2.1108700000000002
Mauritania,Africa,3.8,0.5,"$1,524.39",0.39,1.2,0.21,0.55,0.15,2.54,0.1,2.91,0.05,1.38,0.04,4.48,1.93,1.47,0.57,3B,Sub-Saharan Africa,130,4.2010000000000005,4.127,4.275,0.6139100000000001,0.8414200000000001,0.28639000000000003,0.1268,0.17955,0.22685999999999998,1.9263
Mauritius,Africa,1.24,0.77,"$8,811.15",0.52,0.22,0.18,1.99,0.55,3.46,0.14,0.0,0.01,0.56,0.0,0.71,-2.75,2.0,4.89,5,Sub-Saharan Africa,66,5.648,5.507000000000001,5.789,1.14372,0.75695,0.66189,0.46145,0.05202999999999999,0.36951,2.20223
Mexico,Latin America,120.85,0.75,"$10,123.90",0.55,0.24,0.25,1.74,0.06,2.89,0.37,0.24,0.47,0.14,0.05,1.27,-1.62,1.67,2.27,5,Latin America and Caribbean,21,6.778,6.68,6.876,1.1150799999999998,0.7146,0.71143,0.37709000000000004,0.18355,0.11735,3.5590599999999997
Moldova,Northern/Eastern Europe,3.51,0.68,"$1,971.03",0.43,0.08,0.15,1.03,0.06,1.78,0.59,0.07,0.1,0.01,0.03,0.8,-0.98,1.03,2.23,5,Central and Eastern Europe,55,5.897,5.8229999999999995,5.971,0.69177,0.8313200000000001,0.5230899999999999,0.25201999999999997,0.019030000000000002,0.19997,3.38007
Mongolia,Asia-Pacific,2.8,0.71,"$3,736.07",0.29,3.47,0.17,2.09,0.0,6.08,0.21,8.23,7.03,0.14,0.05,15.66,9.58,3.51,0.39,3B,Eastern Asia,101,4.907,4.838,4.976,0.9885299999999999,1.0898299999999999,0.55469,0.35972,0.03285,0.34539000000000003,1.53586
Montenegro,Northern/Eastern Europe,0.62,0.8,"$7,251.60",0.64,0.33,0.62,2.13,0.05,3.78,0.14,0.22,2.63,0.24,0.01,3.24,-0.54,2.19,1.17,5,Central and Eastern Europe,88,5.1610000000000005,5.055,5.267,1.07838,0.74173,0.6353300000000001,0.15111,0.12721,0.17190999999999998,2.2553099999999997
Morocco,Africa,32.52,0.62,"$3,149.43",0.6,0.17,0.14,0.67,0.06,1.68,0.34,0.17,0.1,0.07,0.03,0.71,-0.96,0.97,2.35,5,Middle East and Northern Africa,90,5.151,5.058,5.244,0.8405799999999999,0.38595,0.5947100000000001,0.25645999999999997,0.08404,0.040530000000000004,2.9489099999999997
Myanmar,Asia-Pacific,52.8,0.53,"$1,117.58",0.8,0.01,0.32,0.09,0.1,1.43,0.88,0.0,0.56,0.28,0.11,1.84,0.41,0.83,0.78,6,Southeastern Asia,119,4.395,4.327,4.463,0.34112,0.69981,0.3988,0.42691999999999997,0.20243,0.81971,1.50655
Namibia,Africa,2.26,0.62,"$5,880.80",0.33,0.23,0.17,1.02,0.72,2.48,0.14,1.6,0.36,4.76,0.02,6.88,4.4,1.43,0.36,3L,Sub-Saharan Africa,113,4.574,4.374,4.774,0.9328700000000001,0.70362,0.34745,0.48613999999999996,0.10397999999999999,0.07795,1.92198
Nepal,Asia-Pacific,27.47,0.54,$700.07,0.43,0.07,0.21,0.16,0.0,0.98,0.37,0.05,0.06,0.01,0.11,0.59,-0.38,0.56,1.65,6,Southern Asia,107,4.793,4.698,4.888,0.44626000000000005,0.69699,0.50073,0.37012,0.07007999999999999,0.3816,2.32694
Netherlands,European Union,16.71,0.92,"$53,589.90",0.76,0.58,0.38,3.23,0.16,5.28,0.45,0.04,0.08,0.43,0.17,1.17,-4.11,3.05,4.53,6,Western Europe,7,7.3389999999999995,7.284,7.394,1.46468,1.02912,0.8123100000000001,0.55211,0.29927,0.47416,2.70749
New Zealand,Asia-Pacific,4.46,0.91,"$37,488.30",0.63,0.23,1.08,2.84,0.7,5.6,0.51,2.7,5.95,0.86,0.13,10.14,4.54,3.23,0.55,3B,Australia and New Zealand,8,7.334,7.263999999999999,7.404,1.36066,1.17278,0.83096,0.5814699999999999,0.41903999999999997,0.49401000000000006,2.47553
Nicaragua,Latin America,5.99,0.63,"$1,626.85",0.34,0.12,0.42,0.45,0.03,1.39,0.4,0.58,0.74,0.49,0.05,2.25,0.87,0.8,0.62,5,Latin America and Caribbean,48,5.992000000000001,5.877000000000001,6.107,0.69384,0.8952100000000001,0.65213,0.46581999999999996,0.16292,0.29773,2.82428
Niger,Africa,17.16,0.34,$410.91,0.67,0.48,0.26,0.1,0.02,1.56,0.65,0.51,0.05,0.0,0.03,1.24,-0.32,0.9,1.26,5,Sub-Saharan Africa,142,3.8560000000000003,3.781,3.931,0.1327,0.6053,0.26161999999999996,0.38040999999999997,0.17176,0.2097,2.09469
Nigeria,Africa,168.83,0.5,"$2,612.12",0.53,0.1,0.19,0.21,0.08,1.16,0.5,0.12,0.02,0.02,0.05,0.7,-0.47,0.67,1.67,5,Sub-Saharan Africa,103,4.875,4.75,5.0,0.75216,0.64498,0.05108,0.27854,0.0305,0.23219,2.8858599999999996
Pakistan,Asia-Pacific,179.16,0.53,"$1,218.60",0.27,0.01,0.08,0.38,0.02,0.79,0.26,0.0,0.01,0.04,0.03,0.35,-0.44,0.46,2.28,6,Southern Asia,92,5.132000000000001,5.038,5.226,0.68816,0.26135,0.40306,0.14622000000000002,0.1388,0.31185,3.18286
Panama,Latin America,3.8,0.77,"$8,410.77",0.36,0.4,0.19,1.44,0.37,2.79,0.14,0.43,1.74,0.6,0.02,2.94,0.15,1.61,0.95,3B,Latin America and Caribbean,25,6.7010000000000005,6.601,6.801,1.18306,0.9891200000000001,0.70835,0.48927,0.08423,0.2418,3.00559
Paraguay,Latin America,6.69,0.67,"$3,557.31",1.11,1.1,0.83,0.97,0.01,4.16,2.51,2.28,5.54,0.05,0.14,10.52,6.36,2.4,0.4,3B,Latin America and Caribbean,70,5.537999999999999,5.452999999999999,5.622999999999999,0.8937299999999999,1.11111,0.58295,0.46235,0.07396,0.25296,2.16091
Peru,Latin America,29.99,0.73,"$5,684.73",0.5,0.51,0.19,0.67,0.33,2.28,0.36,0.51,2.82,0.2,0.07,3.97,1.69,1.32,0.57,6,Latin America and Caribbean,64,5.742999999999999,5.647,5.8389999999999995,0.9960200000000001,0.81255,0.6299399999999999,0.37501999999999996,0.05292,0.14527,2.73117
Philippines,Asia-Pacific,96.71,0.66,"$2,379.44",0.36,0.03,0.09,0.34,0.23,1.1,0.32,0.02,0.09,0.07,0.05,0.54,-0.56,0.64,2.03,5,Southeastern Asia,82,5.279,5.16,5.398,0.81217,0.87877,0.47036000000000006,0.5485399999999999,0.11757000000000001,0.21674000000000002,2.23484
Poland,European Union,38.21,0.84,"$13,769.50",0.84,0.04,0.78,2.64,0.05,4.44,1.05,0.07,0.77,0.11,0.09,2.08,-2.36,2.57,2.14,6,Central and Eastern Europe,57,5.835,5.749,5.921,1.24585,1.04685,0.69058,0.4519,0.055,0.14443,2.20035
Portugal,European Union,10.6,0.83,"$23,217.30",1.03,0.25,0.09,2.15,0.31,3.88,0.47,0.06,0.85,0.07,0.05,1.51,-2.37,2.24,2.57,5,Western Europe,94,5.122999999999999,5.03,5.216,1.27607,0.9436700000000001,0.7936300000000001,0.44727,0.01521,0.11690999999999999,1.53015
Qatar,Middle East/Central Asia,2.05,0.85,"$99,431.50",0.57,0.27,0.15,9.57,0.19,10.8,0.01,0.0,0.0,1.17,0.06,1.24,-9.56,6.24,8.72,3L,Middle East and Northern Africa,36,6.375,6.178,6.572,1.82427,0.87964,0.71723,0.56679,0.48049,0.32388,1.5822399999999999
Romania,European Union,21.76,0.79,"$9,213.94",0.72,0.05,0.33,1.46,0.03,2.71,0.87,0.11,1.14,0.08,0.12,2.32,-0.39,1.56,1.17,5,Central and Eastern Europe,71,5.528,5.4270000000000005,5.629,1.1697,0.7280300000000001,0.67602,0.36712,0.006790000000000001,0.12889,2.4518400000000002
Rwanda,Africa,11.46,0.48,$628.08,0.43,0.05,0.25,0.07,0.01,0.87,0.42,0.05,0.01,0.01,0.05,0.54,-0.32,0.5,1.6,5,Sub-Saharan Africa,152,3.515,3.444,3.5860000000000003,0.32846,0.6158600000000001,0.31865,0.5432,0.50521,0.23551999999999998,0.96819
Saudi Arabia,Middle East/Central Asia,28.29,0.83,"$23,593.80",0.74,0.27,0.27,4.21,0.08,5.61,0.09,0.12,0.07,0.18,0.04,0.5,-5.12,3.24,11.28,3L,Middle East and Northern Africa,34,6.379,6.287000000000001,6.471,1.48953,0.84829,0.59267,0.37904,0.30008,0.15457,2.61482
Senegal,Africa,13.73,0.46,"$1,079.27",0.34,0.21,0.21,0.3,0.12,1.21,0.21,0.17,0.46,0.17,0.02,1.05,-0.16,0.7,1.16,5,Sub-Saharan Africa,128,4.218999999999999,4.151,4.287,0.44314,0.7741600000000001,0.40457,0.31056,0.11681,0.19103,1.9786099999999998
Serbia,Northern/Eastern Europe,9.55,0.76,"$6,426.18",0.49,0.02,0.46,1.66,0.02,2.7,0.73,0.02,0.46,0.0,0.04,1.25,-1.44,1.56,2.15,5,Central and Eastern Europe,86,5.1770000000000005,5.083,5.271,1.03437,0.81329,0.6458,0.15718,0.04339,0.20736999999999997,2.2753900000000002
Sierra Leone,Africa,5.98,0.4,$499.89,0.47,0.11,0.38,0.07,0.15,1.24,0.42,0.35,0.19,0.22,0.05,1.24,0.0,0.71,1.0,6,Sub-Saharan Africa,111,4.635,4.505,4.765,0.36485,0.628,0.0,0.30685,0.08196,0.23897,3.01402
Singapore,Asia-Pacific,5.3,0.91,"$53,122.40",0.67,0.24,0.91,5.91,0.22,7.97,0.0,0.0,0.0,0.01,0.03,0.05,-7.92,4.61,159.47,5,Southeastern Asia,22,6.739,6.6739999999999995,6.803999999999999,1.64555,0.8675799999999999,0.94719,0.4877,0.46986999999999995,0.32706,1.99375
Slovakia,European Union,5.45,0.84,"$18,103.10",0.31,0.08,0.72,2.82,0.03,4.06,0.71,0.06,1.85,0.0,0.09,2.71,-1.35,2.35,1.5,5,Central and Eastern Europe,45,6.077999999999999,5.996,6.16,1.27973,1.0826799999999999,0.70367,0.23390999999999998,0.02947,0.13837,2.61065
Slovenia,European Union,2.07,0.88,"$25,040.50",0.64,0.17,0.65,4.27,0.05,5.81,0.37,0.07,1.87,0.0,0.04,2.35,-3.47,3.36,2.48,6,Central and Eastern Europe,63,5.768,5.683,5.853,1.2994700000000001,1.05613,0.79151,0.53164,0.03635,0.25738,1.79522
South Africa,Africa,52.39,0.66,"$8,089.87",0.44,0.11,0.29,2.34,0.08,3.31,0.35,0.58,0.02,0.17,0.04,1.15,-2.16,1.91,2.87,5,Sub-Saharan Africa,116,4.459,4.371,4.547,1.02416,0.9605299999999999,0.18611,0.42483000000000004,0.08415,0.13656,1.6422700000000001
Spain,European Union,46.76,0.87,"$32,008.70",0.78,0.15,0.17,2.22,0.32,3.67,0.72,0.1,0.34,0.06,0.04,1.25,-2.42,2.12,2.94,6,Western Europe,37,6.361000000000001,6.287999999999999,6.434,1.34253,1.12945,0.8789600000000001,0.37545,0.06137000000000001,0.17665,2.39663
Sri Lanka,Asia-Pacific,21.1,0.75,"$2,880.03",0.31,0.01,0.16,0.52,0.27,1.32,0.26,0.02,0.04,0.07,0.05,0.44,-0.88,0.77,3.01,6,Southern Asia,117,4.415,4.322,4.508,0.9731799999999999,0.84783,0.62007,0.50817,0.07964,0.46978000000000003,0.91681
Suriname,Latin America,0.54,0.71,"$8,190.70",0.43,0.06,0.52,3.01,0.14,4.25,0.3,0.03,81.52,7.39,0.09,89.33,85.08,2.46,0.05,3L,Latin America and Caribbean,40,6.269,6.0729999999999995,6.465,1.09686,0.77866,0.5093300000000001,0.5223399999999999,0.12692,0.16665,3.06852
Sweden,European Union,9.51,0.9,"$59,381.90",1.47,0.27,1.3,3.88,0.09,7.25,1.31,0.22,6.66,2.19,0.24,10.62,3.38,4.19,0.68,5,Western Europe,10,7.291,7.227,7.355,1.45181,1.08764,0.83121,0.58218,0.40867,0.38254,2.54734
Switzerland,Northern/Eastern Europe,8.0,0.93,"$88,506.20",0.75,0.22,0.38,4.26,0.07,5.79,0.32,0.12,0.74,0.01,0.12,1.3,-4.48,3.34,4.44,6,Western Europe,2,7.5089999999999995,7.428,7.59,1.5273299999999999,1.14524,0.86303,0.58557,0.41203,0.28083,2.69463
Tajikistan,Middle East/Central Asia,8.01,0.62,$836.17,0.46,0.14,0.1,0.13,0.0,0.91,0.29,0.14,0.01,0.01,0.08,0.53,-0.38,0.52,1.71,5,Central and Eastern Europe,100,4.996,4.923,5.069,0.48835,0.75602,0.5311899999999999,0.43408,0.13509000000000002,0.25998000000000004,2.39106
Thailand,Asia-Pacific,66.78,0.72,"$5,479.29",0.67,0.02,0.24,1.54,0.13,2.66,0.77,0.01,0.2,0.19,0.07,1.24,-1.42,1.54,2.14,6,Southeastern Asia,33,6.474,6.396,6.5520000000000005,1.0893,1.04477,0.64915,0.49553,0.02833,0.58696,2.5796
Togo,Africa,6.64,0.47,$580.86,0.34,0.1,0.27,0.31,0.08,1.13,0.34,0.12,0.03,0.02,0.02,0.53,-0.6,0.65,2.13,6,Sub-Saharan Africa,155,3.303,3.1919999999999997,3.4139999999999997,0.28123000000000004,0.0,0.24811,0.34678000000000003,0.11587,0.17517,2.1354
Trinidad and Tobago,Latin America,1.34,0.77,"$18,310.80",0.46,0.19,0.27,6.89,0.11,7.92,0.04,0.01,0.15,1.37,0.0,1.56,-6.36,4.57,5.07,3B,Latin America and Caribbean,43,6.167999999999999,5.95,6.386,1.32572,0.98569,0.52608,0.48453,0.01241,0.31935,2.5139400000000003
Tunisia,Africa,10.88,0.72,"$4,305.07",0.76,0.09,0.28,1.11,0.06,2.34,0.53,0.08,0.05,0.24,0.04,0.93,-1.4,1.35,2.51,5,Middle East and Northern Africa,98,5.045,4.965,5.125,0.97724,0.43165,0.59577,0.23553000000000002,0.0817,0.03936,2.68413
Turkey,Middle East/Central Asia,74.0,0.76,"$10,437.70",0.87,0.12,0.34,1.92,0.04,3.33,0.75,0.09,0.6,0.04,0.04,1.52,-1.81,1.92,2.19,5,Middle East and Northern Africa,78,5.388999999999999,5.295,5.483,1.1649200000000002,0.8771700000000001,0.64718,0.23889000000000002,0.12347999999999999,0.04707,2.29074
Turkmenistan,Middle East/Central Asia,5.17,0.68,"$5,290.14",0.73,0.44,0.08,4.13,0.01,5.47,0.6,1.96,0.02,0.13,0.09,2.79,-2.68,3.16,1.96,6,Central and Eastern Europe,65,5.6579999999999995,5.58,5.736000000000001,1.08017,1.03817,0.44006000000000006,0.37408,0.28467,0.22566999999999998,2.21489
Uganda,Africa,36.35,0.48,$601.35,0.34,0.15,0.54,0.08,0.11,1.24,0.35,0.15,0.01,0.04,0.04,0.59,-0.66,0.72,2.12,6,Sub-Saharan Africa,145,3.739,3.6289999999999996,3.8489999999999998,0.34719,0.90981,0.19625,0.43653000000000003,0.06442,0.27102,1.51416
Ukraine,Northern/Eastern Europe,45.53,0.74,"$3,589.63",0.62,0.01,0.16,1.92,0.06,2.84,1.5,0.12,0.43,0.15,0.07,2.27,-0.58,1.64,1.25,5,Central and Eastern Europe,123,4.324,4.236000000000001,4.412,0.87287,1.01413,0.58628,0.12859,0.01829,0.20363,1.50066
United Kingdom,European Union,63.03,0.9,"$40,980.50",0.82,0.28,0.45,3.14,0.08,4.94,0.6,0.12,0.12,0.3,0.18,1.32,-3.62,2.85,3.76,6,Western Europe,23,6.725,6.647,6.803,1.40283,1.0867200000000001,0.80991,0.50036,0.27399,0.50156,2.1499900000000003
United Arab Emirates,Middle East/Central Asia,9.206,0.83,"$40,817.40",0.8,0.19,0.38,6.37,0.19,7.93,0.02,0.0,0.07,0.47,0.0,0.56,-7.37,4.58,14.160714285714299,6,Middle East and Northern Africa,28,6.5729999999999995,6.494,6.652,1.57352,0.8711399999999999,0.72993,0.56215,0.35561,0.26591,2.21507
Uruguay,Latin America,3.4,0.79,"$14,238.10",0.19,0.98,0.55,0.98,0.05,2.91,1.89,4.86,1.22,2.18,0.17,10.32,7.41,1.68,0.28,3B,Latin America and Caribbean,29,6.545,6.456,6.6339999999999995,1.18157,1.0314299999999998,0.72183,0.54388,0.21394000000000002,0.18056,2.67139
Uzbekistan,Middle East/Central Asia,28.54,0.67,"$1,560.85",0.62,0.13,0.08,1.41,0.0,2.32,0.56,0.2,0.06,0.03,0.08,0.92,-1.4,1.34,2.52,6,Central and Eastern Europe,49,5.987,5.896,6.077999999999999,0.7359100000000001,1.1681,0.50163,0.60848,0.28333,0.34326,2.34638
Vietnam,Asia-Pacific,90.8,0.66,"$1,532.31",0.5,0.01,0.19,0.79,0.05,1.65,0.55,0.01,0.17,0.16,0.1,1.0,-0.65,0.95,1.66,6,Southeastern Asia,96,5.061,4.9910000000000005,5.131,0.74037,0.7911699999999999,0.66157,0.5595399999999999,0.11556,0.25075,1.9418
Yemen,Middle East/Central Asia,23.85,0.5,"$1,302.30",0.34,0.14,0.04,0.42,0.04,1.03,0.09,0.12,0.04,0.2,0.04,0.5,-0.53,0.59,2.06,5,Middle East and Northern Africa,147,3.7239999999999998,3.6210000000000004,3.827,0.57939,0.47493,0.31048000000000003,0.2287,0.05892000000000001,0.09821,1.97295
Zambia,Africa,14.08,0.58,"$1,740.64",0.19,0.18,0.33,0.24,0.01,0.99,0.24,0.94,0.99,0.02,0.04,2.23,1.24,0.57,0.44,6,Sub-Saharan Africa,106,4.795,4.645,4.945,0.61202,0.6376,0.23573000000000002,0.42662,0.11479,0.17865999999999999,2.5899099999999997
Zimbabwe,Africa,13.72,0.49,$865.91,0.2,0.32,0.29,0.53,0.01,1.37,0.15,0.32,0.12,0.01,0.02,0.62,-0.75,0.79,2.2,6,Sub-Saharan Africa,131,4.1930000000000005,4.101,4.285,0.35041,0.71478,0.1595,0.25429,0.08582000000000001,0.18503,2.4427
